{"cameraMode":{"drawMode":0,"name":"Shaded","section":"Shading Mode"},"sceneLighting":false,"audioPlay":false,"sceneViewState":{"showFog":true,"showMaterialUpdate":false,"showSkybox":true,"showFlares":true,"showImageEffects":true,"showParticleSystems":true},"in2DMode":false,"pivot":{"x":386.2111511230469,"y":211.7012939453125,"z":23.847217559814454},"rotation":{"x":0.06025782600045204,"y":-0.023052848875522615,"z":0.001392340287566185,"w":0.9979156255722046},"size":537.0262451171875,"orthographic":false}