{"cameraMode":{"drawMode":0,"name":"Shaded","section":"Shading Mode"},"sceneLighting":true,"audioPlay":false,"sceneViewState":{"showFog":true,"showMaterialUpdate":false,"showSkybox":true,"showFlares":true,"showImageEffects":true,"showParticleSystems":true},"in2DMode":false,"pivot":{"x":427.0701599121094,"y":258.3684387207031,"z":3.12060546875},"rotation":{"x":0.016809292137622834,"y":0.0069020697847008709,"z":-0.00011571413051569834,"w":0.9998348951339722},"size":728.3992919921875,"orthographic":false}