{"cameraMode":{"drawMode":0,"name":"Shaded","section":"Shading Mode"},"sceneLighting":false,"audioPlay":false,"sceneViewState":{"showFog":true,"showMaterialUpdate":false,"showSkybox":true,"showFlares":true,"showImageEffects":true,"showParticleSystems":true},"in2DMode":false,"pivot":{"x":372.24786376953127,"y":129.59182739257813,"z":288.35906982421877},"rotation":{"x":0.04679044708609581,"y":-0.011084550991654396,"z":0.0005195832345634699,"w":0.9988431334495544},"size":860.5531616210938,"orthographic":false}