{"cameraMode":{"drawMode":0,"name":"Shaded","section":"Shading Mode"},"sceneLighting":false,"audioPlay":false,"sceneViewState":{"showFog":true,"showMaterialUpdate":false,"showSkybox":true,"showFlares":true,"showImageEffects":true,"showParticleSystems":true},"in2DMode":false,"pivot":{"x":417.4986267089844,"y":246.46498107910157,"z":1.33282470703125},"rotation":{"x":0.02280837669968605,"y":0.0024024329613894226,"z":-0.00005447892544907518,"w":0.9997369647026062},"size":637.0535888671875,"orthographic":false}