{"cameraMode":{"drawMode":0,"name":"Shaded","section":"Shading Mode"},"sceneLighting":false,"audioPlay":false,"sceneViewState":{"showFog":true,"showMaterialUpdate":false,"showSkybox":true,"showFlares":true,"showImageEffects":true,"showParticleSystems":true},"in2DMode":false,"pivot":{"x":307.03302001953127,"y":137.7852783203125,"z":-3.099395513534546},"rotation":{"x":0.02280837669968605,"y":0.0024024329613894226,"z":-0.00005447892544907518,"w":0.9997369647026062},"size":329.1785888671875,"orthographic":false}